{"mean": [0.0, 12.574658642180884, 141.44774965507398, 3.153539654598221, 39.49769851087112, 0.38836290974832294, 6.5641324515914174, 2024.1118630762644], "scale": [1.0, 8.21867561448139, 82.46012372453268, 2.3058153216435064, 16.214805712393346, 1.3006116390018712, 3.4802891479269795, 0.7979179798219372]}