{"mean": [19.788844373772996, 338.4821934601274, 4.771015625694006, 64.08884321931525, 37.5210239254447, 33.908376846842444, 26.50603268759812, 95.02925078767285, 6.880421881205248], "scale": [11.014154008155947, 203.2366529131023, 2.6243805047593693, 28.096155344023757, 12.279934669009856, 11.447897014980827, 6.685120453337696, 61.01611136521683, 5.356290723202641]}